{"cameraMode":{"drawMode":0,"name":"Shaded","section":"Shading Mode"},"sceneLighting":true,"audioPlay":false,"sceneViewState":{"m_AlwaysRefresh":false,"showFog":true,"showSkybox":true,"showFlares":true,"showImageEffects":true,"showParticleSystems":true,"showVisualEffectGraphs":true,"m_FxEnabled":true},"in2DMode":false,"pivot":{"x":17.446439743041993,"y":-282.6716003417969,"z":266.12774658203127},"rotation":{"x":0.16929949820041657,"y":-0.05614405497908592,"z":0.00966094434261322,"w":0.983918309211731},"size":9.880308151245118,"orthographic":false}