{"cameraMode":{"drawMode":0,"name":"Shaded","section":"Shading Mode"},"sceneLighting":false,"audioPlay":false,"sceneViewState":{"m_AlwaysRefresh":false,"showFog":true,"showSkybox":false,"showFlares":true,"showImageEffects":true,"showParticleSystems":true,"showVisualEffectGraphs":true,"m_FxEnabled":true},"in2DMode":false,"pivot":{"x":0.7567434310913086,"y":2.7598934173583986,"z":0.3654959201812744},"rotation":{"x":0.19316156208515168,"y":0.012936350889503956,"z":-0.0025447881780564787,"w":0.9810875058174133},"size":7.0560407638549809,"orthographic":false}