{"cameraMode":{"drawMode":0,"name":"Shaded","section":"Shading Mode"},"sceneLighting":false,"audioPlay":false,"sceneViewState":{"m_AlwaysRefresh":false,"showFog":true,"showSkybox":false,"showFlares":true,"showImageEffects":true,"showParticleSystems":true,"showVisualEffectGraphs":true,"m_FxEnabled":true},"in2DMode":false,"pivot":{"x":2.490081787109375,"y":-0.2760467529296875,"z":163.6978759765625},"rotation":{"x":-0.14483413100242616,"y":-0.14753814041614533,"z":0.021841086447238923,"w":-0.9781574606895447},"size":138.93536376953126,"orthographic":false}