{"cameraMode":{"drawMode":0,"name":"Shaded","section":"Shading Mode"},"sceneLighting":false,"audioPlay":false,"sceneViewState":{"m_AlwaysRefresh":false,"showFog":true,"showSkybox":false,"showFlares":true,"showImageEffects":true,"showParticleSystems":true,"showVisualEffectGraphs":true,"m_FxEnabled":true},"in2DMode":false,"pivot":{"x":0.4326052665710449,"y":2.2375168800354006,"z":-0.24234628677368165},"rotation":{"x":-0.05193546786904335,"y":-0.9083986878395081,"z":0.11866632103919983,"w":-0.39754191040992739},"size":6.977096080780029,"orthographic":false}